day_of_week,start_time,end_time,discipline,age_level,location
tuesday,19:00,19:30,Taekwonkido,adult,bry_sur_marne_0
tuesday,19:30,20:30,Taekwondo,adult,bry_sur_marne_0
tuesday,20:30,21:30,Hapkido,adult,bry_sur_marne_0
wednesday,18:45,19:45,Taekwondo,baby,bry_sur_marne_0
wednesday,18:45,19:45,Taekwondo,child,bry_sur_marne_0
wednesday,19:45,20:45,Taekwondo,child,bry_sur_marne_0
thursday,19:15,20:00,Sinkido self-defense syst√®me,adult,bry_sur_marne_0
thursday,20:00,21:00,Hapkido,adult,bry_sur_marne_0
thursday,20:00,21:00,Taekwondo,adult,bry_sur_marne_0
thursday,21:00,21:30,Hapkido,adult,bry_sur_marne_0
friday,18:45,19:45,Taekwondo,adult,bry_sur_marne_0
friday,18:45,19:45,Taekwondo,child,bry_sur_marne_0
friday,19:45,20:45,Taekwondo,child,bry_sur_marne_0
